Actual,BIS_Predicted
1049.17,8812.646008529731
8.38,30.957672469104505
29.28,30.957672469104505
285.0,7820.186740979405
36915.0,5471.3515679307675
79.8,8349.534209928843
152.0,775.9170274638712
71.93,8.730219342370116
6.13,8.730219342370116
