Actual,GIS_Predicted
1049.17,8083.9694298245595
8.38,32.212749658236504
29.28,32.212749658236504
285.0,7324.618109161791
36915.0,5088.580407894737
79.8,8220.291747076022
152.0,769.4680994152036
71.93,9.186941853224752
6.13,9.186941853224752
