Actual,Hybrid_Predicted
1049.17,9195.55542307692
8.38,31.39120088202397
29.28,31.39120088202397
285.0,7525.728448717946
36915.0,5049.490076923077
79.8,9055.619429487175
152.0,807.7614615384603
71.93,8.491614876789876
6.13,8.491614876789876
