Model,R2_Score,RMSE
RandomForest,0.06043356866258931,11185.247124003083
LinearRegression,0.11354315453257935,10864.522328056615
NeuralNetwork,-0.1369307972628313,12304.071697521966
