Actual,PIS_Predicted
1049.17,8934.55715517241
8.38,30.635098205912858
29.28,30.635098205912858
285.0,7733.485431034481
36915.0,5956.979595238094
79.8,8605.923941570873
152.0,797.302883141761
71.93,8.5430661976912
6.13,8.5430661976912
