Actual,SAPLOA_Predicted
1049.17,8485.306386347638
8.38,30.416141837500202
29.28,30.416141837500202
285.0,7466.923143326295
36915.0,5349.571372742199
79.8,8394.593903940875
152.0,743.2140701970426
71.93,8.611225223736309
6.13,8.611225223736309
