Actual,SBLOA_Predicted
1049.17,8768.040156641602
8.38,30.410234128120077
29.28,30.410234128120077
285.0,7557.78101190476
36915.0,6160.241322751321
79.8,7681.456801726532
152.0,799.954366471733
71.93,9.141803262364665
6.13,9.141803262364665
