Actual,SGLOA_Predicted
1049.17,8791.137631979325
8.38,30.991014453331562
29.28,30.991014453331562
285.0,7660.724532329229
36915.0,4979.955381256645
79.8,8642.82821884985
152.0,748.208254602158
71.93,8.827023703045274
6.13,8.827023703045274
