Actual,SWLOA_Predicted
1049.17,8673.99362762239
8.38,31.6365637486057
29.28,31.6365637486057
285.0,7384.914278221776
36915.0,5427.776681235424
79.8,8297.641352397599
152.0,770.1792814685293
71.93,9.259956348624177
6.13,9.259956348624177
